Date,AAPL.US Open,AAPL.US High,AAPL.US Low,AAPL.US Close,AAPL.US Volume,MSFT.US Open,MSFT.US High,MSFT.US Low,MSFT.US Close,MSFT.US Volume
2024-03-14,171.511,172.898,170.658,171.6,73508296,417.892,425.43,415.654,422.844,34349202.629329
2024-03-15,169.784,171.223,168.906,171.223,122745892,416.947,420.239,410.484,414.093,45333172.352342
2024-03-18,174.149,176.272,172.116,172.315,76220921,411.935,418.379,411.468,414.989,20218937.042815
2024-03-19,172.93,175.176,171.63,174.655,55665660,415.496,419.31,413.229,419.055,19949369.008317
2024-03-20,174.298,177.224,173.674,177.224,53858898,419.642,423.58,418.311,422.854,17960427.100575
2024-03-21,175.617,176.054,169.458,169.983,107047439,427.428,428.412,424.774,426.971,21415869.115329
2024-03-22,170.37,171.65,168.684,170.885,71740624,427.299,427.458,423.69,426.345,17747626.215271
2024-03-25,169.185,170.549,168.078,169.468,54731182,422.864,425.021,419.255,420.498,18161917.797624
2024-03-26,168.625,170.033,168.207,168.337,57856592,423.233,423.61,418.995,419.295,16819615.564733
2024-03-27,169.031,172.196,168.734,171.907,60764941,422.069,422.079,416.669,419.075,16798830.441496
2024-03-28,170.36,170.837,169.13,170.092,66208412,418.608,419.512,416.778,418.37,21994038.256001
2024-04-01,169.804,169.864,168.103,168.655,46617704,421.582,425.5,419.862,422.199,16407627.853749
2024-04-02,167.712,167.969,166.869,167.474,49731884,417.764,420.02,415.506,419.085,18012625.726142
2024-04-03,167.424,169.3,167.216,168.277,48080757,417.385,420.896,416.743,418.101,16594977.54722
2024-04-04,168.911,170.53,167.454,167.454,54142477,422.616,426.275,415.237,415.546,19479705.069256
2024-04-05,168.217,169.011,167.584,168.207,42448294,417.664,424.127,415.983,423.143,16647769.487544
2024-04-08,167.663,167.831,166.879,167.087,37730809,422.794,424.894,420.935,422.287,14341271.443273
2024-04-09,167.334,168.704,166.988,168.297,42797503,424.057,425.351,419.265,423.898,12582585.942106
2024-04-10,167.434,167.722,165.758,166.422,50114837,419.832,421.661,417.355,420.896,16307689.513855
2024-04-11,166.978,174.039,166.8,173.624,91813176,423.44,426.971,420.0,425.539,18067362.532126
2024-04-12,172.85,176.916,172.8,175.121,102500262,421.681,422.804,417.424,419.542,19361922.033836
2024-04-15,173.94,175.201,171.104,171.293,74131605,424.217,424.435,411.121,411.329,20387439.439383
2024-04-16,170.36,172.355,166.909,168.009,74312531,412.254,416.063,411.418,412.264,16859809.119846
2024-04-17,168.237,169.27,166.64,166.64,51316434,414.919,416.54,408.037,409.538,15944564.792763
2024-04-18,166.67,167.275,165.202,165.688,43474675,408.337,409.588,401.694,402.011,21148067.952064
2024-04-19,164.865,165.054,162.747,163.596,68320632,401.773,403.125,395.548,396.89,30167538.324082
2024-04-22,164.176,165.907,163.437,164.499,48508950,397.845,400.6,393.538,398.72,20400851.369743
2024-04-23,164.012,165.698,163.586,165.549,49941863,401.976,405.919,400.808,405.293,15822901.076586
2024-04-24,165.192,167.93,164.865,167.653,48645447,407.272,410.165,404.507,406.775,15149970.518679
2024-04-25,168.152,169.23,166.791,168.517,50970756,391.829,397.656,385.862,396.811,40814474.091032
2024-04-26,168.507,169.954,167.811,167.93,45204120,409.868,410.692,403.493,404.049,29861485.454509
2024-04-29,171.967,174.607,171.7,172.096,68725508,402.985,404.049,396.959,400.003,19692107.72974
2024-04-30,171.927,173.575,168.625,168.951,66472635,399.247,399.914,386.995,387.155,28943074.435613
2024-05-01,168.207,171.308,167.742,167.93,50794145,390.417,399.476,388.129,392.734,23694860.484101
2024-05-02,171.114,172.012,169.508,171.63,94983469,395.438,397.696,392.446,395.618,17808859.315034
2024-05-03,185.136,185.486,181.182,181.896,164555603,400.033,404.876,399.614,404.389,17544743.742588
2024-05-06,180.878,182.709,178.962,180.239,79210596,406.476,411.618,404.099,411.229,17092130.060651
2024-05-07,181.966,183.405,179.854,180.923,77936389,412.343,412.353,406.804,407.053,20130695.048578
2024-05-08,181.371,181.589,179.982,181.261,45424638,405.89,409.927,404.441,408.247,11858559.921833
2024-05-09,181.082,183.166,180.637,183.077,49382548,408.277,410.414,406.814,410.017,14772257.293896
2024-05-10,183.652,183.841,180.9,181.814,51104249,410.628,413.059,409.499,412.422,13477578.123616
2024-05-13,184.184,185.839,183.375,185.025,72534130,415.674,416.011,408.524,411.409,15526972.771373
2024-05-14,186.244,187.03,185.035,186.166,52749472,409.718,415.157,409.251,414.233,15194193.586048
2024-05-15,186.643,189.364,186.106,188.44,70878138,416.315,422.202,415.687,421.475,22324213.483965
2024-05-16,189.185,189.806,188.38,188.56,53204149,420.2,423.807,418.756,419.394,17596798.394309
2024-05-17,188.232,189.523,187.904,188.589,41563315,420.937,421.316,416.439,418.616,15410695.039903
2024-05-20,188.048,190.624,187.735,189.751,44662573,418.616,425.151,418.397,423.727,16334095.69474
2024-05-21,189.801,191.429,189.632,191.053,42596762,425.206,431.328,423.239,427.412,21534941.608079
2024-05-22,190.968,191.521,188.987,189.612,34883876,428.458,430.77,425.51,428.887,18142516.4187
2024-05-23,189.692,189.711,185.364,185.619,51352351,431.328,431.955,423.811,425.381,17277225.185242
2024-05-24,187.547,189.294,186.773,188.698,36573704,425.569,429.419,422.8,428.528,11900425.843171
2024-05-28,190.219,191.698,187.824,188.708,52635132,428.0,429.186,424.981,428.688,15777872.823233
2024-05-29,188.331,190.95,188.232,189.006,53428448,424.075,429.306,424.075,427.542,15576213.888054
2024-05-30,189.473,190.883,189.344,189.999,50287182,422.691,422.691,412.669,413.097,28533079.029899
2024-05-31,190.149,191.272,188.629,190.953,75668744,415.169,415.169,402.975,413.555,48177999.38588
2024-06-03,191.598,193.674,191.222,192.721,50420680,413.948,414.851,407.373,411.951,17551250.621933
2024-06-04,193.322,194.003,191.731,193.039,47793867,410.866,414.861,408.121,414.491,14403552.735199
2024-06-05,194.083,195.571,193.555,194.548,54524612,416.225,422.471,414.721,422.402,17052722.599243
2024-06-06,194.366,195.175,192.861,193.169,41461455,422.402,423.697,418.984,422.909,14917837.52666
2024-06-07,193.337,195.611,192.831,195.561,53464589,424.583,424.663,421.396,422.242,13673516.552881
2024-06-10,195.571,195.968,190.853,191.817,97922672,423.089,426.456,422.282,426.247,14056352.731832
2024-06-11,192.343,205.763,192.324,205.754,173544040,423.862,431.178,423.637,431.039,14606506.582253
2024-06-12,205.97,218.715,205.505,211.634,199480004,433.669,441.718,431.607,439.387,22451395.913939
2024-06-13,213.292,215.286,210.172,212.794,98527404,439.178,441.708,437.704,439.905,16021337.335847
2024-06-14,212.408,213.718,209.875,211.056,70599014,436.612,441.456,435.064,440.891,13633700.522219
2024-06-17,211.931,217.473,211.284,215.209,94364893,440.906,449.23,439.048,446.669,20869191.275646
2024-06-18,216.121,217.154,211.564,212.844,80486221,447.999,448.432,443.203,444.647,17177662.522914
2024-06-20,212.488,212.794,207.441,208.265,86757726,444.607,444.837,439.596,444.009,19953064.211082
2024-06-21,208.97,210.46,205.714,206.09,248095025,445.683,448.871,444.817,448.074,34617483.468413
2024-06-24,206.319,211.265,205.196,206.736,81275296,448.094,451.032,444.717,445.972,15974312.962409
2024-06-25,207.739,209.953,207.203,207.659,57099062,446.55,449.708,445.055,449.24,16811297.823785
2024-06-26,210.072,213.412,209.218,211.811,66662900,447.297,451.879,446.49,450.444,16569883.086404
2024-06-27,213.242,214.284,210.917,212.655,50110758,450.459,454.439,450.056,451.132,14862701.383557
2024-06-28,214.315,214.612,208.883,209.198,83103341,451.352,453.653,444.717,445.255,28470264.762037
2024-07-01,210.66,216.044,210.49,215.286,60813180,446.958,455.635,443.969,454.997,17730071.929137
2024-07-02,214.692,218.893,213.648,218.783,58440422,451.481,457.847,451.394,457.538,14033009.184799
2024-07-03,218.516,220.056,217.553,220.056,37623613,456.452,459.272,456.143,459.022,9970650.7964862
2024-07-05,220.156,224.921,220.156,224.814,60822723,457.867,466.573,457.224,465.787,16061213.594968
2024-07-08,225.558,226.314,221.744,226.284,59487167,464.781,465.926,462.698,464.471,13011677.055075
2024-07-09,226.392,227.853,224.846,227.138,48496987,465.229,465.557,456.263,457.797,17294107.222395
2024-07-10,227.753,231.509,227.703,231.409,63053048,459.47,464.691,457.114,464.481,18265384.483369
2024-07-11,229.828,230.822,224.247,226.035,65150125,461.224,463.017,449.838,452.975,23199174.39657
2024-07-12,227.376,231.07,227.138,228.984,53406814,452.602,454.629,448.935,451.83,16386431.214484
2024-07-15,234.884,235.63,231.519,232.819,63056637,451.58,455.525,449.718,452.238,14484389.36571
2024-07-16,233.414,234.677,230.762,233.237,43527921,452.497,452.577,444.965,447.815,17241078.071561
2024-07-17,227.903,229.898,225.111,227.336,57735372,440.911,443.163,437.514,441.838,21836852.821444
2024-07-18,228.726,228.885,220.77,222.667,66483086,442.655,442.963,432.752,438.7,20874001.521932
2024-07-19,223.304,225.27,221.769,222.797,49485285,431.457,439.466,430.362,435.452,21020150.897559
2024-07-22,225.479,226.244,221.585,222.449,48529217,440.114,442.913,437.248,441.26,15868949.295639
2024-07-23,222.852,225.409,221.179,223.491,40231666,442.211,446.689,441.419,443.163,13156957.133273
2024-07-24,222.489,223.284,215.666,217.066,62197163,438.78,439.806,425.963,427.273,26907867.256406
2024-07-25,217.453,219.361,213.172,216.024,51740242,427.174,428.17,415.926,416.813,30057810.660866
2024-07-26,217.224,218.009,214.552,216.49,41883897,416.614,427.288,415.687,423.657,23673638.13833
2024-07-29,215.496,217.821,214.295,216.768,36558404,429.943,430.51,423.093,425.111,15183429.975236
2024-07-30,217.712,218.838,214.662,217.323,41926681,426.097,427.422,415.777,421.316,32812041.041768
2024-07-31,219.946,222.309,219.142,220.581,50376103,418.9,420.175,410.646,416.763,43054681.55302
2024-08-01,222.857,222.966,215.556,216.888,62925496,419.189,425.839,411.523,415.528,30411758.259294
2024-08-02,217.672,224.078,216.24,218.377,106285571,410.925,413.425,402.807,406.94,29549989.3869
2024-08-05,197.746,212.059,194.677,207.859,120360552,387.694,399.518,384.117,393.651,40864244.760964
2024-08-06,203.915,208.573,199.714,205.832,70133615,398.482,404.131,396.988,398.094,25041512.777407
2024-08-07,205.505,212.198,204.997,208.404,63947814,407.085,408.524,395.962,396.919,20729537.539358
2024-08-08,211.673,212.754,207.421,211.871,47481463,400.914,404.321,398.423,401.162,20279956.181766
2024-08-09,210.67,215.316,210.54,214.782,42488275,402.497,406.502,400.737,404.48,19350064.906628
2024-08-12,214.862,218.281,214.392,216.312,38242110,405.516,407.21,402.71,405.267,16826710.28653
2024-08-13,217.785,220.648,217.785,220.032,44403834,408.036,413.376,408.016,412.439,19488193.859086
2024-08-14,219.336,221.782,218.471,220.479,42196724,413.227,416.135,410.882,415.279,18336534.370003
2024-08-15,223.343,224.089,221.513,223.461,46675227,418.961,420.269,416.826,420.189,20793682.319441
2024-08-16,222.666,225.558,222.398,224.786,44589783,419.76,420.498,416.466,417.634,22821181.535695
2024-08-19,224.456,224.726,221.792,224.626,40916800,418.123,420.907,415.628,420.688,15264449.896166
2024-08-20,224.506,225.898,224.188,225.243,30469554,420.858,425.009,420.798,423.951,16420383.035994
2024-08-21,225.252,226.703,223.791,225.133,34961137,423.228,425.548,420.878,423.293,16099458.944762
2024-08-22,226.515,227.062,222.646,223.274,43941234,423.512,425.937,413.782,414.72,19400656.553581
2024-08-23,224.395,226.943,223.075,225.571,38894922,416.147,418.422,411.267,415.957,18530801.895956
2024-08-26,225.491,226.008,222.636,225.908,30774435,415.533,416.446,410.518,412.664,13179157.229326
2024-08-27,224.731,227.568,223.631,226.753,36136796,412.035,413.532,409.43,413.013,13519918.949025
2024-08-28,226.645,228.573,224.416,225.223,38266321,414.051,414.171,406.496,409.78,14912449.726074
2024-08-29,228.812,231.616,227.598,228.503,52198422,414.111,421.207,409.78,412.295,17079359.434491
2024-08-30,228.901,229.111,226.207,227.718,53288998,414.77,416.656,411.307,416.307,24356980.511221
2024-09-03,227.271,227.718,219.932,221.523,50473043,417.075,419.041,406.217,408.622,20354263.518278
2024-09-04,220.419,220.538,216.262,219.614,44086925,405.099,410.418,403.562,408.083,15166102.433208
2024-09-05,220.384,224.218,220.281,221.136,36821466,406.806,412.275,405.319,407.574,14223930.311227
2024-09-06,222.696,223.98,218.54,219.584,48695532,408.243,409.83,399.999,400.898,19648777.209662
2024-09-09,219.584,220.032,215.497,219.673,67558049,406.426,407.834,401.347,404.91,15325749.35049
2024-09-10,217.695,220.242,215.517,218.878,51881383,407.385,415.498,406.886,413.373,19633507.706671
2024-09-11,220.217,221.841,216.671,221.413,44838004,414.67,423.143,408.762,422.195,19305488.441827
2024-09-12,221.255,222.299,218.59,221.523,37709262,422.464,426.515,418.911,426.147,17453625.083023
2024-09-13,222.328,222.786,220.668,221.255,36973538,424.974,430.967,424.61,429.73,15906330.142683
2024-09-16,215.327,216.005,212.722,215.109,59691486,429.74,432.664,427.365,430.478,13862389.08152
2024-09-17,214.542,215.687,213.3,215.577,45775518,439.351,440.967,431.406,434.281,18912010.413851
2024-09-18,216.332,221.463,216.322,219.455,60232012,434.131,435.159,429.55,429.949,18935869.074899
2024-09-19,223.731,228.533,223.372,227.588,67157155,440.344,440.618,436.027,437.814,21750007.714586
2024-09-20,228.682,231.785,226.347,226.923,320473399,436.347,438.363,433.353,434.4,55277530.680537
2024-09-23,226.068,228.166,224.546,225.203,54450752,433.412,435.588,429.529,432.644,15159173.591868
2024-09-24,227.366,228.066,224.466,226.098,43801198,432.135,432.484,425.249,428.313,17049813.412135
2024-09-25,223.671,226.018,222.766,225.103,42546825,428.971,432.254,427.714,431.247,13423178.696697
2024-09-26,226.028,227.221,224.148,226.247,36842895,434.216,434.43,428.273,430.448,14521051.853503
2024-09-27,227.181,228.236,226.028,226.515,34217462,430.658,430.987,426.616,427.165,14925947.690165
2024-09-30,228.752,231.696,228.366,231.696,55101764,427.355,429.56,424.52,429.44,16888342.851868
2024-10-01,228.236,228.366,222.488,224.943,63641211,427.594,427.624,417.973,419.85,19131162.200521
2024-10-02,224.626,226.098,221.772,225.511,33065654,421.736,421.975,415.878,416.297,16615448.707243
2024-10-03,223.881,225.536,222.071,224.406,34235755,416.796,418.712,413.462,415.708,13713816.286362
2024-10-04,226.625,226.723,222.876,225.531,37555273,417.405,418.911,414.141,415.229,19229326.297178
2024-10-07,223.244,224.426,220.092,220.449,39727687,415.169,416.277,408.183,408.722,20961634.828316
2024-10-08,223.045,224.716,222.001,224.506,32034974,410.079,414.83,407.355,413.882,19267751.056065
2024-10-09,223.97,228.465,223.571,228.256,33780139,415.029,419.54,413.472,416.626,15004230.070284
2024-10-10,226.505,228.216,225.898,227.758,28342159,414.396,416.516,412.325,415.009,13876095.461952
2024-10-11,228.016,228.126,226.068,226.277,31937926,415.304,416.297,412.424,415.488,14173257.084294
2024-10-14,227.421,230.433,227.321,230.006,40106538,416.935,423.193,416.686,418.303,16686419.481396
2024-10-15,232.303,236.161,231.069,232.541,65115783,421.337,421.636,414.43,417.904,18938032.39644
2024-10-16,230.303,230.821,228.553,230.483,34274052,414.341,415.528,409.66,415.289,15539975.297098
2024-10-17,232.123,232.541,229.231,230.851,33179496,421.516,421.656,414.76,415.888,14849668.311325
2024-10-18,234.857,234.857,232.7,233.685,46692784,416.307,418.812,415.429,417.325,17179635.750605
2024-10-21,233.138,235.524,233.138,235.157,36458507,415.289,418.123,412.924,417.943,14234550.526608
2024-10-22,232.576,234.897,231.298,234.541,39065203,417.654,429.719,417.205,426.656,25533203.182255
2024-10-23,232.77,233.828,226.485,229.468,52581246,429.994,430.219,421.686,423.752,19693719.989216
2024-10-24,228.692,229.527,227.132,229.281,31284584,424.475,425.127,421.556,423.882,13608816.534517
2024-10-25,228.455,231.915,228.286,230.116,39020680,425.907,431.656,425.713,427.295,16932889.840775
2024-10-28,232.014,233.416,231.248,232.093,36290230,430.793,431.077,425.448,425.738,14912233.29372
2024-10-29,231.795,233.013,231.02,232.363,35616572,427.145,432.305,424.95,431.087,17679397.094527
2024-10-30,231.308,232.163,228.266,228.812,47335819,436.561,437.624,431.237,431.666,29808696.083629
2024-10-31,228.056,228.543,224.108,224.646,64732356,414.53,415.329,405.488,405.538,54079011.469012
2024-11-01,219.728,224.089,219.037,221.662,65644114,408.193,414.67,406.686,409.55,24278942.619502
2024-11-04,219.753,221.543,218.481,220.767,45197412,408.971,409.595,404.761,407.644,19711662.832582
2024-11-05,220.553,222.696,219.902,222.2,28269546,407.554,414.071,407.265,410.638,17661291.926895
2024-11-06,221.364,224.801,219.952,221.473,54868187,411.596,419.61,409.7,419.341,26735249.439553
2024-11-07,223.367,226.6,223.314,226.207,42374838,420.438,425.997,419.041,424.58,19941618.200932
2024-11-08,226.148,227.63,225.386,225.938,38502175,424.47,425.648,420.937,421.696,16925224.52823
2024-11-11,223.988,224.684,220.503,223.221,42195582,421.671,423.961,415.169,417.175,24552367.824996
2024-11-12,223.538,224.574,222.349,223.221,40581010,417.414,423.592,416.367,422.185,19440038.224034
2024-11-13,223.002,225.629,221.757,224.107,48785869,420.798,428.467,417.375,424.351,21545224.631433
2024-11-14,224.008,227.84,223.988,227.192,45127121,424.151,427.315,419.161,426.037,30307424.36386
2024-11-15,225.381,225.898,223.261,223.988,48140443,418.981,421.955,412.814,414.171,28304185.611311
2024-11-18,224.236,228.705,224.156,226.994,44888123,414.041,417.568,411.277,414.929,24791537.600427
2024-11-19,225.958,229.124,225.639,227.252,36375550,412.285,417.105,410.728,416.955,18169825.795174
2024-11-20,227.034,228.894,224.873,227.968,35328629,416.037,416.456,409.76,414.66,19230069.782395
2024-11-21,227.85,229.119,224.694,227.491,42298772,419.5,419.78,410.2887,412.87,20780162.0
2024-11-22,227.034,229.681,227.034,228.835,38340877,411.365,417.4,411.06,417.0,24814626.0
2024-11-25,230.418,232.195,228.705,231.821,90560571,418.38,421.08,414.85,418.79,27691090.0
2024-11-26,232.28,234.51,232.28,234.001,46194172,419.585,429.0414,418.85,427.99,23458889.0
2024-11-27,233.409,234.629,232.757,233.872,33649943,425.105,427.2299,422.02,422.99,18332444.0
2024-11-29,233.747,236.74,232.916,236.262,28610190,420.09,424.8849,417.8,423.46,16271921.0
2024-12-02,236.202,239.707,236.093,238.512,48354814,421.57,433.0,421.31,430.98,20207223.0
2024-12-03,238.731,241.666,237.824,241.559,39036775,429.84,432.47,427.74,431.2,18301987.0
2024-12-04,241.776,243.011,240.163,241.915,44584672,433.03,439.67,432.63,437.42,26009429.0
2024-12-05,242.892,243.438,241.039,241.945,40214941,437.92,444.66,436.171,442.62,21697775.0
2024-12-06,241.811,243.528,240.989,241.746,37037375,442.3,446.1,441.7703,443.57,18821002.0
2024-12-09,240.742,246.126,240.662,245.639,44851168,442.6,448.33,440.5,446.02,19144388.0
2024-12-10,245.779,247.091,244.236,246.655,37081762,444.39,449.62,441.6,443.33,18469459.0
2024-12-11,246.845,249.671,245.152,245.38,45410268,444.05,450.35,444.05,448.99,19200208.0
2024-12-12,245.779,247.621,244.574,246.845,32925776,449.11,456.1648,449.11,449.56,20834779.0
2024-12-13,246.7,248.167,245.132,247.012,33305242,448.435,451.43,445.58,447.27,20177833.0
2024-12-16,246.875,250.248,246.535,249.91,51928555,447.27,452.18,445.28,451.59,23598834.0
2024-12-17,248.954,252.687,248.656,252.338,51588632,451.01,455.29,449.57,454.46,22733494.0
2024-12-18,251.025,253.135,246.625,246.934,57030876,451.32,452.65,437.02,437.39,24444545.0
2024-12-19,246.385,250.865,245.984,248.666,61157618,441.62,443.1834,436.32,437.03,22963681.0
2024-12-20,246.924,253.852,244.584,253.344,148162352,433.11,443.74,428.63,436.6,64263694.0
2024-12-23,253.623,254.499,252.308,254.121,41043567,436.74,437.65,432.83,435.25,19152519.0
2024-12-24,254.339,257.047,254.141,257.037,23339789,434.65,439.6,434.19,439.33,7164543.0
2024-12-26,257.027,258.929,256.47,257.854,27386286,439.08,440.94,436.63,438.11,8199927.0
2024-12-27,256.669,257.535,251.921,254.439,42546883,434.6,435.22,426.35,430.53,18117713.0
2024-12-30,251.095,252.358,249.621,251.065,35718359,426.06,427.55,421.9,424.83,13158703.0
2024-12-31,251.304,252.141,248.307,249.292,39659279,426.1,426.73,420.66,421.5,13246509.0
2025-01-02,247.809,247.978,240.733,242.752,55992832,425.53,426.07,414.85,418.58,16896469.0
2025-01-03,242.265,243.081,240.801,242.265,40426127,421.08,424.03,419.54,423.35,16662943.0
2025-01-06,243.21,246.215,242.105,243.897,45249300,428.0,434.32,425.4774,427.85,20573648.0
2025-01-07,241.886,244.444,240.263,241.119,41040741,429.0,430.65,420.8,422.37,18139065.0
2025-01-08,240.831,242.615,238.969,241.608,37799126,423.46,426.97,421.54,424.56,15054575.0
2025-01-10,238.929,239.078,231.95,235.783,61989958,424.63,424.71,415.02,418.95,20201132.0
2025-01-13,232.479,233.614,228.685,233.345,49855192,415.235,418.5,412.29,417.19,17604780.0
2025-01-14,233.693,235.057,231.426,232.23,39613650,417.81,419.74,410.72,415.67,16935856.0
2025-01-15,233.579,237.884,233.375,236.799,40012118,419.13,428.15,418.265,426.31,19637838.0
2025-01-16,236.282,236.939,227.004,227.232,72083600,428.695,429.49,424.39,424.58,15300023.0
2025-01-17,231.069,231.244,227.452,228.944,68798056,434.085,434.48,428.17,429.03,26197507.0
2025-01-21,222.992,223.409,218.392,221.637,98513977,430.2,430.8999,425.595,428.5,26085703.0
2025-01-22,218.8,223.112,218.8,222.822,64416527,437.56,447.27,436.0,446.2,27803811.0
2025-01-23,223.728,226.008,221.299,222.652,60507186,442.0,446.75,441.5048,446.71,18389270.0
2025-01-24,223.768,224.614,220.413,221.777,54945292,445.16,446.65,441.4,444.06,15549453.0
2025-01-27,223.012,231.104,222.972,228.825,95292461,424.01,435.2,423.5,434.56,35647805.0
2025-01-28,229.81,239.108,229.771,237.187,76049976,434.6,448.38,431.38,447.2,23491703.0
2025-01-29,233.066,238.776,232.956,238.282,45691822,446.69,446.88,440.4,442.33,23581370.0
2025-01-30,237.591,239.707,236.142,236.52,55910007,418.77,422.86,413.16,414.99,54586260.0
2025-01-31,246.077,246.077,232.39,234.937,101532266,418.98,420.69,414.91,415.06,34223388.0
2025-02-03,228.954,230.786,224.684,226.984,73393748,411.6,415.41,408.66,410.92,25679149.0
2025-02-04,226.227,232.08,225.629,231.751,45271128,412.685,413.9199,409.74,412.37,20532096.0
2025-02-05,227.501,231.622,227.242,231.424,39844383,412.35,413.827,410.4,413.29,16336188.0
2025-02-06,230.243,232.747,229.388,232.17,30060693,414.0,418.2,414.0,415.82,16309755.0
2025-02-07,231.554,232.946,226.237,226.605,39886809,416.48,418.65,408.1,409.75,22886844.0
2025-02-10,228.787,229.799,226.426,226.874,33228884,413.71,415.4624,410.92,412.22,20817919.0
2025-02-11,227.423,234.429,227.353,231.827,53902052,409.64,412.49,409.3,411.44,18140592.0
2025-02-12,230.412,236.153,229.894,236.063,45398002,407.21,410.75,404.3673,409.04,19121734.0
2025-02-13,236.103,241.514,234.766,240.708,53797388,407.0,411.0,406.36,410.54,23891731.0
2025-02-14,240.428,244.713,240.168,243.767,41036072,407.79,408.91,405.88,408.43,22758464.0
2025-02-18,243.079,244.344,241.015,243.637,48989440,408.0,410.597,406.5,409.64,21423051.0
2025-02-19,243.827,245.171,242.332,244.035,32314337,407.88,415.49,407.65,414.77,24114197.0
2025-02-20,244.105,245.94,243.457,244.993,32427415,415.29,419.31,412.54,416.13,23508728.0
2025-02-21,245.112,247.842,244.384,244.713,53379340,417.335,418.048,407.89,408.21,27524799.0
2025-02-24,244.09,248.012,243.587,246.329,51501907,408.51,409.37,399.32,404.0,26443656.0
2025-02-25,247.154,249.148,244.075,246.197,48177454,401.1,401.915,396.7,397.9,29387402.0
2025-02-26,243.497,244.145,238.315,239.541,44585505,398.01,403.6,394.245,399.73,19618954.0
2025-02-27,238.594,241.633,236.253,236.491,41294364,401.265,405.74,392.17,392.53,21127406.0
2025-02-28,236.143,241.265,229.416,241.015,57027702,392.655,397.63,386.57,396.99,32845658.0
2025-03-03,240.965,243.196,235.308,237.219,47345331,398.82,398.82,386.155,388.49,23007726.0
2025-03-04,236.895,239.252,233.88,235.126,53982025,383.4,392.58,381.0,388.61,29342923.0
2025-03-05,234.618,235.743,228.449,234.936,47389138,389.34,401.67,388.81,401.02,23433132.0
2025-03-06,233.637,237.049,232.364,234.529,45324880,394.28,402.15,392.6777,396.89,23304625.0
2025-03-07,234.304,240.548,233.96,238.255,46431798,392.32,394.8,385.54,393.31,22034087.0
2025-03-10,234.737,235.356,223.455,226.704,72317645,385.84,386.4,377.22,380.16,32840134.0
2025-03-11,223.043,225.07,216.709,220.088,76397763,379.0,386.0,376.91,380.45,30380177.0
2025-03-12,219.39,220.995,214.178,216.24,62761349,382.95,385.2165,378.9507,383.27,24253567.0
2025-03-13,215.214,216.101,207.71,208.965,61578180,383.155,385.32,377.45,378.77,20473017.0
2025-03-14,210.53,213.221,208.867,212.762,60313121,379.775,390.23,379.51,388.56,19952846.0
2025-03-17,212.583,214.486,209.254,213.271,48237813,386.7,392.705,385.57,388.7,22474272.0
2025-03-18,213.431,214.416,210.77,211.965,42577524,387.07,387.37,381.1,383.52,19486850.0
2025-03-19,213.489,218.015,213.021,214.506,54571362,385.525,389.68,384.0,387.82,19185532.0
2025-03-20,213.261,216.749,211.497,213.371,49030034,385.735,391.785,383.28,386.84,18470542.0
2025-03-21,210.839,218.094,210.56,217.526,94449639,383.215,391.74,382.8,391.26,39675928.0
2025-03-24,220.247,220.725,217.836,219.978,44450965,395.4,395.4,389.81,393.08,21004548.0
2025-03-25,220.018,223.336,219.33,222.988,34611534,393.915,396.36,392.64,395.16,15774968.0
2025-03-26,222.748,224.253,219.718,220.775,34650741,395.0,395.31,388.57,389.97,16132906.0
2025-03-27,220.635,224.223,219.808,223.088,37221620,390.13,392.24,387.395,390.58,13766761.0
2025-03-28,220.915,223.048,216.939,217.157,39954777,388.08,389.13,376.93,378.8,21632016.0
2025-03-31,216.265,224.852,215.493,221.373,65522613,372.535,377.07,367.24,375.39,35184676.0
2025-04-01,219.056,222.918,218.154,222.429,36537254,374.65,382.85,373.23,382.19,19689503.0
2025-04-02,220.56,224.422,220.267,223.128,36028684,377.965,385.08,376.62,382.14,16092555.0
2025-04-03,204.839,206.783,200.564,202.498,103772649,374.785,377.48,369.35,373.11,30197997.0
2025-04-04,193.229,199.199,186.702,187.738,126341467,364.125,374.59,359.48,359.84,49209854.0
2025-04-07,176.596,193.488,174.024,180.842,161015003,350.88,370.9999,344.79,357.86,50424998.0
2025-04-08,186.064,189.687,168.633,171.832,121272772,368.255,373.65,350.25,354.56,35868918.0
2025-04-09,171.364,199.926,171.304,198.173,185026430,353.535,393.225,353.1,390.49,50199696.0
2025-04-10,188.42,194.116,182.376,189.771,122296751,382.06,383.9,367.8,381.35,38024368.0
2025-04-11,185.465,198.86,185.425,197.475,87734903,380.635,390.05,378.89,388.45,23839220.0
2025-04-14,210.72,212.214,200.477,201.83,101699489,393.22,394.65,384.21,387.81,19251172.0
2025-04-15,201.167,202.816,199.119,201.451,51519443,388.505,391.89,384.1599,385.73,17199890.0
2025-04-16,197.683,200.016,191.714,193.608,59936679,380.67,381.61,368.0,371.61,21967826.0
2025-04-17,196.528,198.156,193.757,196.309,52343053,373.745,374.3215,366.89,367.78,21120192.0
2025-04-21,192.606,193.14,189.165,192.501,46902373,362.815,364.48,355.67,359.12,20807279.0
2025-04-22,195.452,200.903,195.302,199.059,53157524,363.375,367.77,359.8602,366.82,19484993.0
2025-04-23,205.298,207.292,202.107,203.902,53110157,376.06,380.39,373.02,374.39,20545526.0
2025-04-24,204.192,208.118,202.248,207.66,47472769,375.695,388.45,375.19,387.3,22232289.0
2025-04-25,205.662,209.035,205.498,208.567,38352959,387.0,392.16,384.6,391.85,18973165.0
2025-04-28,209.284,210.78,206.753,209.424,38875556,391.955,392.74,386.638,391.16,16579430.0
2025-04-29,207.982,211.517,207.66,210.49,36953565,391.3,395.1,390.38,394.04,14973976.0
2025-04-30,208.587,212.852,205.966,211.776,52465248,390.3,396.66,384.44,395.26,36461075.0
2025-05-01,208.367,213.829,208.187,212.593,57561838,431.11,436.99,424.9,425.4,58938100.0
2025-05-02,205.388,206.285,201.471,204.651,101356028,431.74,439.44,429.985,435.28,30757434.0
2025-05-05,202.408,203.405,197.535,198.213,69254461,432.87,439.5,432.11,436.17,20136053.0
2025-05-06,197.535,199.966,196.349,197.833,51391617,432.2,437.73,431.17,433.31,15104204.0
2025-05-07,198.492,198.76,192.591,195.581,68851579,433.84,438.12,431.1103,433.35,23307241.0
2025-05-08,197.046,199.369,194.017,196.816,50651485,437.93,443.67,435.66,438.17,23491330.0
2025-05-09,198.322,199.856,196.861,197.853,36578577,440.0,440.74,435.88,438.73,15324233.0
2025-05-12,210.527,210.824,206.316,210.347,63910088,445.94,449.37,439.78,449.26,22821935.0
2025-05-13,209.987,212.952,208.561,212.483,52018622,447.78,450.6733,445.36,449.14,23618819.0
2025-05-14,211.984,213.49,210.137,211.884,49429676,448.14,453.9,448.14,452.94,19902796.0
2025-05-15,210.507,212.513,209.099,211.005,45124278,450.765,456.19,450.4301,453.13,21992323.0
2025-05-16,211.914,212.123,209.329,210.817,54853095,452.05,454.36,448.73,454.27,23849781.0
2025-05-19,207.473,209.04,203.83,208.341,46237671,450.875,459.585,450.8,458.87,21336509.0
2025-05-20,207.234,208.032,204.6,206.425,42586108,455.59,458.34,454.3201,458.17,15441808.0
2025-05-21,204.739,206.605,200.288,201.666,59336439,454.57,457.78,451.814,452.57,19216906.0
2025-05-22,200.288,202.324,199.281,200.937,46840819,454.95,460.25,453.9,454.86,18025612.0
2025-05-23,193.258,197.285,193.054,194.86,78598051,449.98,453.69,448.91,450.18,16883509.0
2025-05-27,197.883,200.318,197.015,199.789,56406985,456.48,460.95,456.115,460.69,20974293.0
2025-05-28,200.169,202.304,199.48,199.999,45435136,461.22,462.52,456.93,457.36,17086261.0
2025-05-29,203.147,203.382,198.093,199.53,51586320,461.55,461.72,455.3105,458.68,13982211.0
2025-05-30,198.951,201.536,196.367,200.428,70969047,459.715,461.68,455.54,460.36,34770475.0
2025-06-02,199.859,201.705,199.699,201.276,35497874,457.14,462.11,456.89,461.97,16626495.0
2025-06-03,200.927,203.342,200.533,202.843,46479219,461.47,464.14,460.8622,462.97,15743760.0
2025-06-04,202.484,205.806,201.675,202.394,43695789,464.0,465.69,463.0201,463.87,14162688.0
2025-06-05,203.072,204.32,199.729,200.209,55337498,464.955,469.65,464.03,467.68,20154460.0
2025-06-06,202.574,205.268,201.626,203.492,46705821,470.085,473.335,468.78,470.38,15285624.0
2025-06-09,203.96,205.567,199.6,201.027,73015962,469.7,473.43,468.62,472.75,16469932.0
2025-06-10,200.179,203.92,200.149,202.244,54787716,471.185,472.8,466.96,470.92,15375944.0
2025-06-11,203.072,204.07,197.993,198.363,61118265,470.02,475.47,469.655,472.62,16399176.0
2025-06-12,198.661,199.261,196.945,198.781,43997072,475.02,480.415,473.52,478.87,18950582.0
2025-06-13,199.311,199.949,195.289,196.037,51555667,476.41,479.18,472.76,474.96,16814456.0
2025-06-16,196.885,198.268,196.151,198.003,43111267,475.21,480.6943,475.0,479.14,15626104.0
2025-06-17,196.785,197.973,194.8,195.229,38937960,475.395,478.7399,474.08,478.04,15414128.0
2025-06-18,195.528,197.155,194.66,196.167,45490263,478.0,481.0,474.46,480.24,17526452.0
2025-06-20,197.818,201.276,196.442,200.578,97017374,482.23,483.46,476.87,477.4,37576206.0
2025-06-23,201.201,201.875,198.542,201.077,55931784,478.21,487.75,472.51,486.0,24863952.0
2025-06-24,202.164,203.012,199.779,199.879,54177860,488.95,491.849,486.795,490.11,22305642.0
2025-06-25,201.027,203.242,200.199,201.137,39608948,492.04,494.5556,489.39,492.27,17495099.0
2025-06-26,201.007,202.214,199.041,200.578,50906074,492.98,498.04,492.81,497.45,21578853.0
2025-06-27,201.466,202.793,199.58,200.657,73342663,497.55,499.3,493.03,495.94,34539236.0
2025-06-30,201.586,206.954,198.842,204.739,92106330,497.04,500.76,495.33,497.41,28368991.0
2025-07-01,206.231,209.745,205.707,207.383,78954750,496.47,498.05,490.98,492.05,19945375.0
2025-07-02,208.471,212.892,207.703,211.993,68084856,489.99,493.5,488.7,491.09,16319641.0
2025-07-03,211.7,214.199,211.365,213.101,35029432,493.81,500.13,493.44,498.84,13984829.0
2025-07-07,212.233,215.776,208.361,209.509,50334736,497.38,498.75,495.225,497.72,13981605.0
2025-07-08,209.659,210.985,208.012,209.569,42939142,497.24,498.2,494.11,496.62,11846586.0
2025-07-09,209.089,210.886,206.785,210.697,48852004,500.3,506.78,499.74,503.51,18659538.0
2025-07-10,210.062,213.031,209.589,211.964,44537207,503.05,504.44,497.75,501.48,16498740.0
2025-07-11,210.122,211.685,209.419,210.717,39849535,498.47,505.03,497.795,503.32,16459512.0
2025-07-14,209.484,210.467,207.104,208.182,38921885,501.515,503.97,501.03,503.02,12058848.0
2025-07-15,208.781,211.445,208.481,208.671,42385390,503.02,508.3,502.79,505.82,14927202.0
2025-07-16,209.854,211.954,208.201,209.719,47590519,505.18,506.72,501.89,505.62,15154374.0
2025-07-17,210.127,211.355,209.149,209.579,48169344,505.68,513.37,505.62,511.7,17503129.0
2025-07-18,210.427,211.345,209.264,210.737,49077702,514.48,514.64,507.43,510.05,21209666.0
2025-07-21,211.655,215.326,211.185,212.033,51485604,506.705,512.09,505.55,510.06,14066805.0
2025-07-22,212.692,214.498,211.785,213.95,46501771,510.97,511.2,505.27,505.27,13868644.0
2025-07-23,214.548,214.698,211.964,213.7,47088232,506.75,506.79,500.7,505.87,16396585.0
2025-07-24,213.451,215.236,213.081,213.311,46119516,508.77,513.67,507.3,510.88,16107000.0
2025-07-25,214.249,214.788,212.952,213.431,40353563,512.465,518.29,510.3592,513.71,19125699.0
2025-07-28,213.58,214.393,212.612,213.6,37937723,514.08,515.0,510.12,512.5,14308027.0
2025-07-29,213.725,214.358,210.377,210.826,51519966,515.53,517.62,511.56,512.57,16469235.0
2025-07-30,211.45,211.944,207.284,208.611,45608336,515.17,515.95,509.435,513.24,26380434.0
2025-07-31,208.052,209.399,206.725,207.134,80868334,555.225,555.45,531.9,533.5,51617326.0
2025-08-01,210.422,213.131,201.077,201.955,104654350,535.0,535.8,520.86,524.11,28977628.0
2025-08-04,204.075,207.443,201.251,202.922,75267434,528.27,538.25,528.13,535.64,25349004.0
2025-08-05,202.972,204.908,201.735,202.494,44248043,537.18,537.3,527.24,527.75,19171569.0
2025-08-06,205.198,214.928,205.158,212.802,108711504,530.9,531.7,524.03,524.94,21355702.0
2025-08-07,218.415,220.386,216.124,219.568,90414794,526.8,528.09,517.5511,520.84,16079144.0
2025-08-08,220.366,230.515,218.789,228.868,114093676,522.6,524.66,519.41,522.04,15531009.0
2025-08-11,227.699,229.338,224.542,226.96,61866046,522.3,527.59,519.72,521.77,20194372.0
2025-08-12,227.784,230.576,226.85,229.428,55726269,523.75,530.98,522.7,529.24,18688921.0
2025-08-13,230.846,234.772,230.207,233.104,69946285,532.11,532.7,519.37,520.58,19619160.0
2025-08-14,233.828,234.892,230.626,232.555,51966602,522.56,525.9499,520.14,522.48,20269074.0
2025-08-15,233.773,234.053,229.113,231.366,56092980,522.77,526.1,519.08,520.17,25213272.0
2025-08-18,231.476,232.894,229.887,230.666,37512517,521.585,522.82,514.02,517.1,23760583.0
2025-08-19,231.051,232.644,229.128,230.337,39440760,515.0,515.1641,508.55,509.77,21481016.0
2025-08-20,229.757,230.247,225.551,225.791,42304835,509.865,511.0,504.44,505.72,27723025.0
2025-08-21,226.051,226.301,223.564,224.682,30650932,503.69,507.63,502.7201,504.24,18443254.0
2025-08-22,225.951,228.868,225.192,227.539,42518988,504.25,510.73,502.41,507.23,24324161.0
2025-08-25,226.261,229.078,226.011,226.94,31013167,506.63,508.19,504.12,504.26,21638579.0
2025-08-26,226.65,229.268,224.472,229.088,54628011,504.355,504.9778,498.51,502.04,30835709.0
2025-08-27,228.389,230.676,228.039,230.267,31289815,502.0,507.29,499.9,506.74,17277893.0
2025-08-28,230.596,233.184,229.113,232.335,38111609,507.09,511.09,505.5,509.64,18015593.0
2025-08-29,232.285,233.154,231.146,231.915,39456648,508.66,509.6,504.4915,506.69,20961569.0
2025-09-02,229.028,230.626,226.75,229.498,44118364,500.465,506.0,496.81,505.12,18127995.0
2025-09-03,236.98,238.619,234.133,238.239,66492229,503.79,507.79,502.32,505.35,16345078.0
2025-09-04,238.219,239.668,236.511,239.548,47595522,504.3,508.15,503.15,507.97,15509486.0
2025-09-05,239.763,241.086,238.259,239.458,54923587,509.07,511.97,492.37,495.0,31994846.0
2025-09-08,239.068,239.917,236.111,237.65,49046994,498.105,501.195,495.03,498.2,16771015.0
2025-09-09,236.77,238.549,233.134,234.123,66378202,501.43,502.25,497.7,498.41,14410542.0
2025-09-10,231.96,232.195,225.731,226.57,83521696,502.98,503.2299,496.72,500.37,21611816.0
2025-09-11,226.655,230.227,226.431,229.807,50257249,502.25,503.17,497.88,501.01,18881608.0
2025-09-12,228.998,234.283,228.798,233.843,55878331,506.65,512.55,503.85,509.9,23624884.0
2025-09-15,236.77,237.959,234.802,236.471,42740916,508.79,515.47,507.0,515.36,17143786.0
2025-09-16,236.945,240.986,236.095,237.919,63482578,516.88,517.23,508.6,509.04,19711922.0
2025-09-17,238.739,239.867,237.5,238.759,46553101,510.62,511.29,505.93,510.02,15816585.0
2025-09-18,239.738,240.966,236.421,237.65,44292471,511.49,513.07,507.66,508.45,18913696.0
2025-09-19,240.991,246.061,239.978,245.262,163900043,510.56,519.3,510.31,517.93,52474093.0
2025-09-22,248.06,256.391,247.88,255.832,105619703,515.59,517.74,512.545,514.45,20009314.0
2025-09-23,255.627,257.091,253.334,254.184,60333617,513.8,514.5899,507.31,509.23,19799580.0
2025-09-24,254.973,255.492,250.797,252.066,42344718,510.38,512.48,506.92,510.15,13533711.0
2025-09-25,252.96,256.921,251.468,256.621,55255587,508.3,510.01,505.04,507.03,15786468.0
2025-09-26,253.849,257.351,253.534,255.213,46120923,510.06,513.94,506.62,511.46,16213129.0
2025-09-29,254.313,254.753,252.765,254.184,40166586,511.5,516.845,508.88,514.6,17617775.0
2025-09-30,254.608,255.671,252.865,254.383,37740809,513.24,518.16,509.66,517.95,19728229.0
2025-10-01,254.793,258.539,254.683,255.203,48761162,514.8,520.505,511.69,519.71,22632336.0
2025-10-02,256.327,257.93,253.904,256.881,42671564,517.64,521.6,510.6791,515.74,21222886.0
2025-10-03,254.418,258.989,253.704,257.77,49203264,517.1,520.49,515.0,517.35,15112321.0
2025-10-06,257.74,258.819,254.803,256.441,44707414,518.61,531.03,518.2,528.57,21388581.0
2025-10-07,256.556,257.151,255.183,256.232,31986753,528.285,529.8,521.44,523.98,14615208.0
2025-10-08,256.272,258.27,255.862,257.81,36532274,523.28,526.95,523.09,524.85,13363447.0
2025-10-09,257.555,257.75,252.895,253.794,38359160,522.335,524.325,517.4,522.4,18343602.0
2025-10-10,254.693,256.132,243.764,245.032,62059199,519.64,523.58,509.63,510.96,24133840.0
2025-10-13,249.138,249.448,245.322,247.42,38179917,516.41,516.41,511.68,514.05,14284238.0
2025-10-14,246.361,248.604,244.463,247.53,35512377,510.225,515.282,506.0,513.57,14684300.0
2025-10-15,249.243,251.576,247.23,249.099,33926467,514.955,517.19,510.0,513.43,14694654.0
2025-10-16,248.01,248.799,244.893,247.21,39815533,512.58,516.85,508.13,511.61,15559565.0
2025-10-17,247.78,253.135,247.031,252.046,49194603,509.04,515.48,507.31,513.58,19867765.0
2025-10-20,255.637,264.119,255.382,261.986,90570742,514.61,518.7,513.43,516.79,14665620.0
2025-10-21,261.626,265.033,261.576,262.516,46741214,517.5,518.69,513.04,517.66,15586204.0
2025-10-22,262.396,262.595,255.183,258.2,45058891,521.15,525.23,517.71,520.54,18962694.0
2025-10-23,259.688,260.368,257.76,259.329,32786693,522.46,523.95,518.61,520.56,14023532.0
2025-10-24,260.937,263.874,258.929,262.565,38290799,522.79,525.345,520.71,523.61,15532360.0
2025-10-27,264.623,268.859,264.394,268.55,44931666,531.78,534.58,529.01,531.52,18734716.0
2025-10-28,268.725,269.629,267.89,268.739,41575022,550.0,553.72,540.77,542.07,29986683.0
2025-10-29,269.014,271.147,266.851,269.439,51136264,544.94,546.27,536.7287,541.55,36023004.0
2025-10-30,271.727,273.875,268.22,271.137,69954281,530.48,534.97,522.12,525.76,41023088.0
2025-10-31,276.722,277.051,268.899,270.108,86250652,528.875,529.32,515.1,517.81,34006424.0
2025-11-03,270.158,270.588,265.992,268.789,50243241,519.805,524.96,514.59,517.03,22374742.0
2025-11-04,268.065,271.223,267.356,269.778,49322612,511.76,515.55,507.84,514.33,20958663.0
2025-11-05,268.35,271.437,266.671,269.878,43725417,513.3,514.83,506.575,507.16,23024342.0
2025-11-06,267.631,273.135,267.631,269.509,51253681,505.66,505.7,495.81,497.1,27406496.0
2025-11-07,269.534,272.026,266.512,268.21,48274116,496.945,499.377,493.25,496.82,24019764.0
2025-11-10,268.96,273.73,267.455,269.43,41312412,500.035,506.85,498.8,506.0,26101480.0
2025-11-11,269.81,275.91,269.8,275.25,46208318,504.8,509.6,502.3488,508.68,17980020.0
2025-11-12,275.0,275.73,271.7,273.47,48397982,509.355,511.67,499.1201,511.14,26574851.0
2025-11-13,274.11,276.699,272.09,272.95,49602794,510.31,513.5,501.29,503.29,25273114.0
2025-11-14,271.05,275.96,269.6,272.41,47431331,498.23,511.6,497.44,510.18,28505746.0
2025-11-17,268.815,270.49,265.73,267.46,45018260,508.45,512.12,504.91,507.49,19092752.0
2025-11-18,269.99,270.71,265.32,267.44,45677278,495.365,502.98,486.78,493.79,33815114.0
2025-11-19,265.525,272.21,265.5,268.56,40424492,490.1,495.1872,482.83,487.12,23245314.0
2025-11-20,270.83,275.43,265.92,266.25,45823568,492.71,493.57,475.5,478.43,26802542.0
2025-11-21,265.95,273.33,265.67,271.49,59030832,478.5,478.92,468.27,472.12,31769248.0
2025-11-24,270.9,277.0,270.9,275.92,65585796,475.0,476.9,468.02,474.0,34421046.0
2025-11-25,275.27,280.38,275.25,276.97,46914220,474.07,479.15,464.89,476.99,28019793.0
2025-11-26,276.96,279.53,276.63,277.55,33431423,486.31,488.31,481.2,485.5,25709079.0
2025-11-28,277.26,279.0,275.986,278.85,20135620,487.595,492.63,486.65,492.01,14386730.0
2025-12-01,278.01,283.42,276.14,283.1,46587722,488.435,489.8599,484.6475,486.74,23963993.0
2025-12-02,283.0,287.4,282.63,286.19,53669532,486.715,493.4999,486.32,490.0,19562722.0
2025-12-03,286.2,288.62,283.3,284.15,43538687,476.32,484.24,475.2,477.73,34615102.0
2025-12-04,284.095,284.73,278.59,280.7,43989056,479.76,481.322,476.49,480.84,22318155.0
2025-12-05,280.54,281.14,278.05,278.78,47265845,482.515,483.4,478.8801,483.16,22608710.0
2025-12-08,278.13,279.669,276.15,277.89,38211832,484.885,492.3,484.38,491.02,21965900.0
2025-12-09,278.16,280.03,276.92,277.18,32193256,489.1,492.12,488.5001,492.02,14696078.0
2025-12-10,277.75,279.75,276.44,278.78,33038318,484.03,484.25,475.08,478.56,35756229.0
2025-12-11,279.095,279.59,273.81,278.03,33247986,476.63,486.03,475.86,483.47,24669180.0
2025-12-12,277.9,279.22,276.82,278.28,39532887,479.82,482.45,476.34,478.53,21248102.0
2025-12-15,280.15,280.15,272.84,274.11,50409078,480.1,480.7205,472.52,474.82,23727694.0
2025-12-16,272.82,275.5,271.79,274.61,37648628,471.905,477.89,470.88,476.39,20705560.0
2025-12-17,275.01,276.16,271.64,271.84,50138743,476.905,480.0,475.0,476.12,24527176.0
2025-12-18,273.605,273.63,266.95,272.19,51630721,478.19,489.6,477.89,483.98,28573545.0
2025-12-19,272.145,274.6,269.9,273.67,144632048,487.36,487.85,482.49,485.92,70836105.0
2025-12-22,272.86,273.88,270.505,270.97,36571827,486.12,488.73,482.69,484.92,16963019.0
2025-12-23,270.84,272.5,269.56,272.36,29641999,484.98,487.83,484.74,486.85,14683582.0
2025-12-24,272.34,275.43,272.195,273.81,17910574,485.68,489.1625,484.83,488.02,5855880.0
2025-12-26,274.16,275.37,272.86,273.4,21521802,486.705,488.12,485.96,487.71,8842175.0
2025-12-29,272.69,274.36,272.35,273.76,23715213,484.855,488.35,484.18,487.1,10893408.0
2025-12-30,272.81,274.08,272.28,273.08,22139617,485.93,489.68,485.5,487.48,13944512.0
2025-12-31,273.06,273.68,271.75,271.86,27293639,487.84,488.14,483.3,483.62,15601554.0
2026-01-02,272.255,277.84,269.0,271.01,37838054,484.385,484.66,470.16,472.94,25571567.0
2026-01-05,270.64,271.51,266.14,267.26,45647190,474.055,476.07,469.5,472.85,25250260.0
2026-01-06,267.0,267.55,262.12,262.36,52352090,473.8,478.7367,469.75,478.51,23037665.0
2026-01-07,263.2,263.68,259.81,260.33,48309804,479.755,489.7,477.95,483.47,25564196.0
2026-01-08,257.02,259.29,255.7,259.04,50419337,481.24,482.66,475.86,478.11,18162616.0
2026-01-09,259.075,260.21,256.22,259.37,39996967,474.06,479.82,472.2001,479.28,18491036.0
2026-01-12,259.16,261.3,256.8,260.25,45263767,476.67,480.99,475.6803,477.18,23519895.0
2026-01-13,258.72,261.81,258.39,261.05,45730847,474.675,475.7799,465.95,470.67,28545800.0
2026-01-14,259.49,261.82,256.71,259.96,40019421,466.46,468.2,457.1701,459.38,28184302.0
2026-01-15,260.65,261.04,257.05,258.21,39388564,464.12,464.25,455.9,456.66,23225839.0
2026-01-16,257.9,258.9,254.93,255.53,72142773,457.83,463.19,456.48,459.86,34246650.0
2026-01-20,252.73,254.79,243.42,246.7,80267517,451.215,456.8,449.28,454.52,26129992.0
2026-01-21,248.7,251.56,245.18,247.65,54641725,452.595,452.69,438.68,444.11,37980510.0
2026-01-22,249.2,251.0,248.15,248.35,39708340,447.62,452.84,444.7,451.14,25349378.0
2026-01-23,247.32,249.41,244.68,248.04,41688982,451.87,471.1,450.53,465.95,38000159.0
2026-01-26,251.48,256.56,249.8,255.41,55969234,465.305,474.25,462.0,470.28,29291235.0
2026-01-27,259.17,261.95,258.21,258.27,49648271,473.7,482.87,473.16,480.58,29213923.0
2026-01-28,257.65,258.855,254.51,256.44,41287971,483.21,483.74,478.0,481.63,36875403.0
2026-01-29,258.0,259.65,254.41,258.28,67253009,439.99,442.5,421.02,433.5,128855323.0
2026-01-30,255.165,261.8999,252.18,259.48,92443408,439.17,439.6,426.45,430.29,58566819.0
2026-02-02,260.03,270.49,259.205,270.01,73913425,430.235,430.736,422.25,423.37,42219858.0
2026-02-03,269.2,271.875,267.61,269.48,64394655,422.01,422.05,408.56,411.21,61424123.0
2026-02-04,272.285,278.95,272.285,276.49,90545710,411.0,419.8,409.24,414.19,45012374.0
2026-02-05,278.13,279.5,273.23,275.91,52977441,407.44,408.3,392.32,393.67,66289247.0
2026-02-06,277.12,280.905,276.925,278.12,50453414,399.165,401.79,392.92,401.14,53515311.0
2026-02-09,277.905,278.2,271.7,274.62,44623396,404.85,414.89,400.87,413.6,45480526.0
2026-02-10,274.885,275.37,272.94,273.68,34376898,419.62,423.68,412.7,413.27,44857850.0
2026-02-11,274.695,280.18,274.45,275.5,51931283,416.175,416.46,401.01,404.37,42491012.0
2026-02-12,275.59,275.72,260.18,261.73,81077229,405.0,406.2,398.01,401.84,40802362.0
2026-02-13,262.01,262.23,255.45,255.78,56290673,404.45,405.54,398.05,401.32,34091553.0
2026-02-17,258.05,266.29,255.54,263.88,58469094,399.22,400.52,394.525,396.86,32078794.0
2026-02-18,263.6,266.82,262.45,264.35,34203337,398.13,402.56,396.32,399.6,23223417.0
2026-02-19,262.6,264.48,260.05,260.58,30845294,400.69,404.43,396.67,398.46,28234001.0
2026-02-20,258.97,264.75,258.16,264.58,42070499,396.11,400.1159,395.16,397.23,34015249.0
2026-02-23,263.49,269.43,263.381,266.18,37308200,395.0,395.36,383.1,384.47,43238300.0
2026-02-24,267.86,274.89,267.71,272.14,47014619,384.14,389.36,381.71,389.0,33884700.0
2026-02-25,271.78,274.94,271.05,274.23,33714342,390.525,401.47,390.16,400.6,43625500.0
2026-02-26,274.945,276.11,270.795,272.95,32191569,404.71,407.49,398.74,401.72,34214348.0
2026-02-27,272.81,272.81,262.89,264.18,72232024,390.88,396.82,389.88,392.74,51268782.0
2026-03-02,262.41,266.53,260.2,264.72,41827946,392.855,401.19,390.63,398.55,35474908.0
2026-03-03,263.48,265.56,260.13,263.69,38568921,393.14,406.7,392.67,403.79,38199209.0
2026-03-04,264.65,266.15,261.42,262.45,39803119,401.265,411.0326,400.31,405.0,35807990.0
2026-03-05,260.79,261.555,257.25,260.25,49658626,404.42,411.61,404.4,410.68,39001315.0
2026-03-06,258.63,258.77,254.37,257.46,41120042,409.2,413.05,408.5101,408.63,31123859.0
2026-03-09,255.69,261.15,253.6805,259.89,38218533,404.915,410.21,403.5,409.35,30131854.0
2026-03-10,257.645,262.48,256.95,260.72,30590765,410.03,410.2,402.93,405.76,31706375.0
2026-03-11,261.09,262.13,259.55,260.81,26218927,405.57,409.01,401.59,404.88,25512139.0
2026-03-12,258.66,258.95,254.18,255.76,40794020,404.63,406.12,401.71,401.86,27263886.0
2026-03-13,255.48,256.33,249.52,250.12,36929988,401.0,404.8,394.25,395.55,26848000.0
